,Standard deviation,Proportion of Variance,Cumulative Proportion
PC1,324.0076982,0.67432,0.67432
PC2,212.7440262,0.29072,0.96504
PC3,73.77493352,0.03496,1
PC4,2.68E-14,0,1
