,PC1,PC2
England,-145.1033158,2.476089727
Wales,-240.4006371,224.6308064
Scotland,-91.66750078,-286.073245
N Ireland,477.1714537,58.96634885
